video,frame,angle_0_joint0_to_1,angle_1_joint1_to_2,angle_2_joint2_to_3,angle_3_joint0_to_4,angle_4_joint4_to_5,angle_5_joint5_to_6,angle_6_joint0_to_7,angle_7_joint7_to_8,angle_8_joint8_to_9,angle_9_joint0_to_10,angle_10_joint10_to_11,angle_11_joint11_to_12,angle_12_joint0_to_13,angle_13_joint13_to_14,angle_14_joint14_to_15
video_demo,0,95.06246250773134,81.78589007617691,87.88108669549452,88.71269217544966,75.14841070539258,83.86838807465317,90.12079219839387,85.31865316726982,90.23444385590587,87.3796251967435,71.85059288352873,75.695670500087,124.64454535086657,110.3412887503825,116.50722744367296
video_demo,1,94.27637210900245,81.10955360471752,86.98170941995684,87.91499429297137,74.00490786818105,82.46692876568814,89.58201825058597,85.32980042243116,90.4319875443442,86.68399449324212,71.03908221819462,74.78092441823388,123.92750925980835,109.61342467675007,115.51239347454788
video_demo,2,94.8296580264328,81.73631201646572,87.51144439540047,88.54538238797215,74.541897949848,83.11758567144797,90.36963327200193,87.14937291023418,93.04930147985648,87.40066457920393,71.85011669110519,75.95438317331251,124.23542996424774,109.60582773142238,115.43154749731023
video_demo,3,95.44185347809237,82.33097621079818,87.95178748083279,89.39701950286434,75.09067877443908,83.45307121427933,91.63572720534226,88.87847524665722,95.10857234661373,88.48738477542744,72.32690485016262,76.39963905408017,124.28298927982097,109.05309671554994,114.71663227811618
video_demo,4,94.43675719611491,81.11585929619389,86.63896518239112,87.9498268164594,73.59042392320112,81.95429902949827,89.5025824505822,86.66097444392018,92.8178332297657,86.63732653211707,71.20722282451095,75.07481550818933,124.2233687982153,109.75528952635189,115.27323361354776
video_demo,5,93.60905174042477,80.6035937790109,85.92999094338795,86.29157178119827,72.53589298894498,81.05611116033586,86.05113014371713,81.64412785486333,87.10090208669814,84.0112677526245,70.16754829171708,73.77004138227291,124.80324485736925,110.8964962408574,115.835194177376
video_demo,6,94.64511954300689,80.81304666529506,86.49742160357563,86.49858533569267,72.70554053546023,81.62029720162506,84.14820021141091,77.56544880449893,81.92355221773978,83.19321149020142,70.67987062972945,74.39562248124301,127.39513960012462,115.98241499031839,122.30350385594447
video_demo,7,96.33783263391744,81.40788698812841,86.71818309671671,87.76306689257726,73.61550505760215,82.71345895552639,84.21327079708816,76.99766107555823,80.89840576539724,83.8868937263062,71.77933645690874,75.71748699272081,129.73788251447317,118.52246126350981,124.70452151068581
video_demo,8,95.65523082596323,80.68866628433872,85.97090603656589,86.95072801709773,73.82641106022224,83.77797962463214,83.3759476762568,79.18777502504048,84.89479721348975,82.97924816240052,72.43923090949617,77.5056060411928,129.44200264739564,118.35174344278781,123.58441859896092
video_demo,9,95.40010419613665,80.98226281896099,87.00271643133168,86.7739046130658,76.41253368167172,88.35757657616573,83.16488513482889,81.42575337174756,88.26066937266422,82.73663078557442,74.54583980045527,81.232484310228,129.39285438317543,119.07949157130733,124.26640864415809
video_demo,10,93.33450933441681,79.29009428238234,85.85289555180361,84.37975100535282,75.62210592414516,88.34042706933081,80.25148119220593,80.06667415643197,86.95450105561646,80.00377980298356,74.43862657793646,82.00818591210421,128.12274310417212,118.9681849514142,123.09015314243815
video_demo,11,88.9714579685707,76.8620178998599,85.56029356367216,80.2305953356947,76.05578361924475,91.51368697750762,76.82050338155341,80.29766990801384,89.23230837701668,76.04997402296377,74.16619652513552,84.2294414821899,123.90917516875437,115.29299051737418,117.35859038031991
video_demo,12,84.52594259762253,73.02614868759898,83.7999008726537,75.87904686284288,77.225099351262,97.14217027558887,72.38102436606307,78.01892562176111,89.00356700578217,71.54229710000203,74.54132571091986,88.68524556153538,119.78222887837309,110.7730246669498,109.79398662453806
video_demo,13,80.97217790555186,69.23949935939787,83.32600667189979,72.65467850792878,79.79408609580392,104.90661237656118,69.56544747459618,78.57579993975914,92.6753672370758,68.44040367179433,76.11141076059005,95.16723348536652,116.62342868514519,108.62978126576893,106.40431430635608
video_demo,14,79.96574863113801,67.93003406502301,83.91580390400824,71.8598756812519,81.38218078241131,108.6108616774866,69.084906912571,79.46094954979215,94.46632549053933,67.77823231821621,77.10029663698396,97.92711163234296,115.79181392165985,108.68116128221114,106.66911828835696
video_demo,15,79.31781991546383,67.68812855265367,85.53112465078858,71.05451864600766,81.62095307109773,109.98681607937738,67.93290290107454,78.96319488246921,94.45899924565556,66.73850464715777,76.73482254165394,98.34676570804072,115.2919631243729,108.18892112779571,105.42195144401562
video_demo,16,79.42077452156578,68.62022796921569,88.40842068917945,71.05143147468897,82.26534968404047,110.9395207191651,67.6564465976591,79.74431113022167,96.39055104613736,66.56982720382197,77.33663002667707,99.62818608444722,115.4919158267812,108.8041462988727,106.22047096752628
video_demo,17,79.57671130858,71.03999400011502,94.52274431841607,71.43616150865267,83.89586532147035,113.00861850905153,68.39229978993424,80.86091212972738,97.69791964385114,67.1638376027148,79.08181240204812,102.20426094959384,115.33911319408847,108.72091312793158,106.75674584321065
video_demo,18,79.4540915327301,75.05417754958047,103.8755872825821,71.47651775377582,85.96306477189786,116.3975048240015,68.63904273202725,80.83003225820175,98.03770099091477,67.30649483890674,80.26625271246917,104.52751968246965,114.80474143078351,108.39419449522086,107.0608326116372
video_demo,19,78.91539727619224,78.71699648205232,109.54681542696854,71.21579921347816,87.94652400995234,119.67427857145111,68.86733618607371,81.20629004486034,99.1966287408227,67.31211941285821,82.1730772129575,107.93225787499512,113.62043860293986,106.78795740413335,105.83967135197956
video_demo,20,76.95223264826451,81.52111695931343,112.3078791784828,69.3365957061262,87.22154793001951,119.31200114797483,67.54256610554985,79.35706938628175,98.90274181215946,65.68350724079549,82.47404830062017,111.77035402975052,110.97341924412976,103.7880444121317,102.71552361334385
video_demo,21,76.5999750197199,82.97270009389112,113.56382641417362,68.96027729775687,85.12709666631844,116.8866270327295,67.76564456162406,80.27712043352788,101.90385952522912,65.6754947039008,83.09549853602043,113.94829112914087,110.43228570486208,103.71771244731458,103.27854689706642
video_demo,22,74.69087273260561,82.6390456936523,113.06669102609534,67.41874837683511,84.29614241386653,115.35340672448848,67.35993100607114,81.13338538620096,102.58987904020982,64.74801912386675,83.65296413291257,113.83957023483185,108.14757603391666,101.09781664509818,100.2455298845983
video_demo,23,73.2451854278709,83.6139145981351,117.15152408880176,66.7820694361554,86.821934573493,117.93058963513627,67.69226478469771,82.37939375911803,106.0356584472992,64.7339058028496,86.02277126207971,115.1240199356381,105.89280772633147,97.68726427858056,96.67888962685701
video_demo,24,74.16440920130924,85.39427594555478,117.90965501087203,68.26484698140362,87.96301939312471,118.62538845538073,70.90820683981599,91.8775689057877,120.01626396219669,67.07888375890033,88.65780494417238,118.21354705118765,105.96482420653325,96.90629372931546,96.52176511778106
video_demo,25,74.34819211763377,83.68284708998175,115.89500230540419,68.70094332964723,86.30877403379209,116.60071638904662,72.68587779587065,96.82866104141023,127.73627270526289,68.1874290324789,89.09354741972201,121.0467216594825,106.04197286054571,97.46668159751681,97.93557321688876
video_demo,26,75.39035867037164,84.025710271709,118.540165365161,70.13126718198949,87.59927198963383,122.89412653168131,76.00211141572193,107.01295209316284,141.89873898896766,70.57918909272213,93.29845791392572,131.68638315706923,107.04707798531808,100.99817968058414,104.1303592696223
video_demo,27,73.93181147791586,84.02002310319843,121.36117336480531,67.8579070724464,85.50146856365474,125.8703013171512,73.70298167352777,113.46576725776438,155.92513507896723,68.02618669037312,93.30211257675217,137.50723856445032,106.59264501831929,101.69562487353078,103.93926813464198
video_demo,28,74.49545286812244,89.53727179834672,132.91449552263782,68.05350172841595,92.31650359598481,142.73130891418373,72.04949772105851,111.70909838892938,163.20566072105694,67.09249648341,96.04451904207876,153.3745538521449,107.20240837315757,100.81421719809866,101.44971892940814
video_demo,29,72.36942523993527,85.87139296332099,128.4129588557231,65.6459061390209,95.14425382875233,148.99569059297377,68.36243523965122,106.68723241102138,160.71000011322704,63.86488452295486,94.90330151195641,156.65197908126981,106.07066030014022,100.96838274551683,99.85633474695982
video_demo,30,72.84836067544497,88.6262221364945,133.09545541587747,66.31953504139094,102.69883510559225,160.36208840079237,67.97943367030143,104.83057705048338,162.10772545708733,63.93293206472325,96.35715974236544,161.13799809429955,106.26021723032585,100.20911499461143,98.2983704464695
video_demo,31,75.44420951932139,93.18422272499232,139.61998672457253,69.22537734015836,110.11224148551818,169.82710609050739,70.33165853729277,107.09381140763763,164.55129858423663,66.59566459527191,99.85074805569211,167.22843488799668,108.34239685203096,101.95873459285654,101.13964872364242
video_demo,32,74.04472715275962,94.13461186423541,141.47894373884108,68.29998975280576,110.47130009081181,171.40225266729465,70.42768989314665,105.91523774608527,159.6415383877578,66.23956268293492,100.26511760889028,168.67002799837005,106.23087628537185,98.29114191314538,96.81309371549456
video_demo,33,73.17381878960187,94.9655010627291,145.09764130444472,67.62442136351477,110.51809653891839,173.87183282016127,70.5759553916226,108.60590869666187,163.13771385272608,65.92126258845391,99.90278759124722,169.7092904783091,104.87090752357626,95.22064245675502,92.5543573257815
video_demo,34,74.19989890886522,96.16419919950586,149.59595010915922,68.54745268625294,112.13169411726416,174.08931116778388,70.94294516384618,109.67917655831174,165.83146884849066,66.54126528864018,100.53436794607845,171.56741306556827,105.77451303366668,95.12568828851664,91.37301266249675
video_demo,35,75.42918885408373,98.45844367493979,154.64803350463157,70.25156667949061,114.30745396612672,172.43822862885315,73.51417990008508,114.53228715044452,169.24082125446347,68.7121738560354,102.08164860880905,175.05557180617075,106.16085238002124,94.24547273241944,90.84792225635192
video_demo,36,75.89679455367778,101.06957117865537,159.42463888546425,71.32674795347184,117.40572703553066,167.95780030435435,75.77250605866004,121.05480983618219,170.92794671173263,70.42549885507162,104.81214024412893,177.46688143089173,105.65449445425112,92.43834936244822,89.3753908411839
video_demo,37,75.23965741459136,100.79450676584703,160.89142275159128,70.61315536389898,119.02656402930897,164.5911567254871,74.85707995118393,124.03123400003874,165.18423494951654,69.62242310386559,107.15753479830715,172.86350401042253,105.20479709074696,91.73244957571431,87.7074053954854
video_demo,38,75.68486543328584,101.01582217914351,160.8242171955434,71.25716356562593,119.14396684233706,164.5355755103956,75.84575828847966,124.82414690804598,164.88440920701765,70.46300155077942,107.19635238875242,173.07326332620505,105.29380352144942,91.27021763652245,87.5939271472904
video_demo,39,75.67423343786709,100.45043533127395,159.80560697628047,71.13416781021225,119.2311095857117,165.21147743492665,75.37704434003425,123.97283671551945,165.1810166760259,70.17535350138775,107.51563760101466,173.34907613592512,105.51017872926575,91.65640912180933,87.70673250998568
video_demo,40,75.71158418480084,100.33722419306953,159.7489275755739,71.1924859266157,118.82381642715583,165.27594250275502,75.49478075578142,123.50544696525276,165.30417233937573,70.28079886140014,107.59212886383533,173.02407965914935,105.56758797621224,92.0627012022317,88.35152626898807
video_demo,41,75.60765876908894,100.10744703977257,159.34158860616446,71.07701716556534,118.79952085019438,165.58109024615393,75.27045642279819,122.03471147491032,166.7726212936467,70.12328549512947,107.44141762521988,173.79653970577883,105.48236424252616,91.92770794002526,88.15063291900132
video_demo,42,75.59013424610716,100.67600537218142,160.83606296371386,71.03557587374782,119.19412834512545,164.97654116978998,75.115868164893,121.38493675052715,166.58772980316138,70.02434161047373,107.39388932208014,173.6011326454855,105.48164664745899,92.15248715600421,88.36784440810283
video_demo,43,75.60718984448773,100.6895400330045,160.83833099944545,71.08817052785481,119.24092888776909,165.02329048882987,75.22976860109058,121.46916301766076,166.64516723584381,70.11250159044215,107.43831049465769,173.58662443747048,105.4458586416177,92.0291833064761,88.31786226947918
video_demo,44,75.0766674904375,99.82870810730732,159.9257029041509,70.56927232610299,118.73141350409446,165.85408874422708,74.88915427233799,122.37247208242815,164.8696828372768,69.6721486686441,107.38897398522963,173.0328019247913,105.0009120910229,91.54693197439806,87.9692082417663
video_demo,45,74.28367980025686,97.8655643459642,157.6451435798087,69.95853961066645,118.56091301749994,165.39806573079218,74.71715750939006,123.32755038785861,163.4390403298752,69.31307396976013,107.9110346309598,171.575054991009,104.14529243554622,90.26780775662965,86.65645499437764
video_demo,46,74.14449020817725,96.85566140081376,156.40719677852897,69.82782962870209,119.46239966399811,164.18797467150011,74.6427131727427,125.39575871321533,159.12851532234637,69.21378179719622,108.84722354435459,169.2969078737499,104.27988674802913,91.26839203394405,87.58533613290813
video_demo,47,73.9860158452049,95.79453410091502,154.1962770534739,69.65976931345533,119.59516558972113,163.38279706299187,74.50454142501086,125.77210831899566,157.97336055658,69.07123655838635,109.3003207480099,168.06547510939848,104.36219021109636,92.17680333273795,88.86000046942242
video_demo,48,76.05935780303201,97.83173080942406,157.44976178145632,71.26495668124718,125.91043648932768,151.28281875845732,74.48869599607922,128.80912185720612,147.43383352007027,69.86777083011152,113.97248722292045,157.85692304454489,106.83798400445129,94.60009404238093,89.30556614973719
video_demo,49,72.67842100054413,90.86954586237552,135.8729130088057,67.88926339343465,122.60533151555524,154.2009612541979,71.63861782132777,125.31959743703646,155.14579984871008,66.7097596647309,111.80767318695176,161.57224922976917,103.8441917564585,91.14353026545777,84.41630659654632
video_demo,50,72.11494091342692,78.90818659309181,107.84722226583946,67.70971091627445,123.15445024417185,153.66612542972294,71.24816371040934,123.22803707333364,158.28972373513858,66.47710407227588,110.85122015681442,163.52763280253765,104.00957310895457,90.95234201521244,83.2631302830209
video_demo,51,70.47740341576076,70.41838729046081,99.69168512136551,65.63395105729779,128.64720179946386,150.71547792081017,67.10426539239093,122.53410679791284,157.8902896016297,63.33207712061018,114.89581411140011,160.94616322802176,103.92846505240529,90.68736345010278,79.37296129925772
video_demo,52,70.34499512645824,66.67815235056295,85.22173441792374,65.25275397890309,129.77844602741072,146.03540475056496,65.95598355084019,122.69530245614922,157.88896490871147,62.51584679130373,114.87379297772479,159.59198341995614,103.93927605175104,89.66295081884239,75.92724852156428
video_demo,53,74.3058217393394,68.39173962234688,75.52822808616756,68.35147533554317,127.9156882798954,144.15682646969927,66.76957549160106,119.51904422225127,165.90622141339983,64.33964124266838,110.56491641428276,164.84345875878748,108.47790718778387,95.60348805957503,80.06837474929199
video_demo,54,74.36661413435918,68.47228233696573,75.67310905683625,68.38453989825355,127.88524980821788,144.15774795164722,66.73582261453777,119.39546353193533,165.893352705405,64.33758772063848,110.5211832626554,164.8728494610202,108.57129770572779,95.81708052192711,80.25704527756108
video_demo,55,75.71385722469151,72.60148330526049,79.17650210108957,69.0393866303982,127.0638201364358,141.7058263988768,66.1490920517896,119.45190011291838,166.585595132978,64.30453895745191,110.9529958298787,163.58066096966297,109.66179723841259,95.84154813384568,78.3157040418859
video_demo,56,74.02381764333975,72.24344933650737,81.63337295909527,67.9854087208582,127.42990186914376,142.41388050607583,66.86221919302743,119.84405196767958,163.35032207873576,64.17274519902901,110.67380867210454,164.04837779890659,107.74860622372904,94.74212019706195,79.89933204732218
video_demo,57,73.95008142574845,90.4030952367394,143.57901061694741,67.72023512365459,128.85197911644346,142.33892950653566,67.76054752682272,126.20648860550759,148.27296263249733,64.58568180600695,118.64858899128281,151.70845992119646,106.37266480205706,93.54172550570259,80.29006144842877
video_demo,58,74.12427277976555,97.83502122130544,152.83182525096453,66.8937013074663,127.2605935997396,143.62805262698586,65.4321388883435,125.24791529160422,147.6381911002317,62.87175692768767,120.4006106944758,149.5102794721226,106.28316907604868,92.08266161542294,77.91741279327401
video_demo,59,75.34836770037627,102.48563090419589,150.21494643864165,67.42432027745146,128.15782322407375,142.0144488942401,64.42192166154105,127.19713626976721,145.0958567416536,62.55870140472131,123.22494658623346,146.62101248686025,107.39974423861588,92.24492563193044,77.79680910403438
video_demo,60,75.91511389835294,101.74247382984731,148.7340061819448,67.69688813869877,127.47787321828943,142.7136153650827,63.876954076131184,126.50426815265548,146.45245089104202,62.41576848174491,123.47627033271972,146.59722742493253,108.13434033914808,93.13022004080659,78.6296289000624
video_demo,61,76.55236649667003,101.39018398862994,148.13772686415118,68.29720547914437,127.13493168373584,142.99491888463547,64.23968040121812,125.8562097211318,147.4713553198746,62.915962747279956,123.0890036605292,147.05397527852062,108.93135691928575,94.3512450245322,79.92199069708728
video_demo,62,76.79778438050835,100.56253699262538,147.43172719425647,68.23830224444899,125.60486885254628,144.0815034402705,63.45870158528038,123.98537292912343,151.27577594020093,62.46858134723661,121.60930787572629,149.4649443908392,109.35979725905443,95.12435105557505,80.01834830924638
video_demo,63,77.13815976538314,100.66594034731148,147.38953738636698,68.6737467983847,126.02397998032036,143.9839157238446,63.99656476228302,124.66552355551102,150.50886791390198,62.979452803406126,122.06526895851471,149.04551743662444,109.62732342976236,95.04229314026631,79.9379632684126
video_demo,64,77.2650821014015,100.12511999532855,147.72286589827243,68.84717738744583,126.6073573974035,143.38420439707284,64.17611239618395,124.74345889193286,150.29200849186603,63.17659118702843,122.61913237800178,148.30453173797594,109.82053348886276,95.44593499625249,80.28462870847682
video_demo,65,77.1865882535547,100.10711402256112,147.7985034118638,68.79833524566226,126.74084084030694,143.32649942369565,64.20871519285998,124.9991463260253,149.90721042345052,63.16945004361991,122.77021353218694,148.0894521049688,109.72875171304861,95.33683267808804,80.21397165164234
video_demo,66,77.48950978946684,100.14964415675306,147.951832993373,69.1134939970689,126.93224601544647,142.97868297568533,64.4675284559783,125.31687273985963,149.38449325369416,63.46678846399633,123.01370454633418,147.79016047189566,110.00509597667742,95.4317287052867,80.25518366257198
video_demo,67,77.7798152679473,100.3894511602579,148.11375263704997,69.38352427092262,126.98115457313017,142.9021409580387,64.64630417544566,125.70225431831223,149.41255525066472,63.69191639959868,122.99980155994113,148.00385993278334,110.2781963601866,95.67161231487815,80.56941284249662
video_demo,68,77.9526110206268,100.17761731708046,148.0059482551159,69.59215520487143,127.3859024712996,142.58399687096625,64.83352120410613,125.57378394754352,148.70361330838676,63.90826139562855,123.339498310069,147.24094099583604,110.4500749486206,95.80526933729838,80.73417144738119
video_demo,69,78.37765789528223,100.19913099541553,147.72940231029116,69.96515194782803,127.58551753743984,142.26364218927074,64.98820840708265,125.77550939202165,149.01211021855943,64.17561159095146,123.6005143468863,147.25701939825848,110.84737026287937,95.91823285078729,80.48159357585021
video_demo,70,78.06842377983486,99.92237962343657,148.83815893439726,69.75407366522575,127.85473308245193,141.19368164933192,65.05212253513498,125.98114938759083,148.73881648943586,64.0966304538025,123.37329900281019,146.8492375247677,110.56275344167561,96.03495190986035,80.78886933041217
video_demo,71,77.77678746575286,100.18122147914417,149.01770900610336,69.40648970892585,128.11221671242302,140.69405668130196,64.6473358627089,125.72421409055954,149.44189660798583,63.70334489737631,123.36637179643434,146.86895849908828,110.29099410598351,95.96981429012787,80.75018163220084
video_demo,72,77.81774023138249,98.68913655311852,148.97148658934327,69.4604829042402,125.13686075393333,142.63706546699777,64.81281552264441,124.70547280858082,154.94531252127342,63.791752012791484,120.67924675995837,150.79354481445858,110.46364514178725,96.28845272195305,80.76909828200318
video_demo,73,79.54601120907304,99.00745372949021,147.34077592204548,70.92694732405998,121.74735078399267,143.48611285845956,65.55175878249153,125.59827458519152,156.94577677393406,64.90598040664236,119.51336558653931,152.94918597191298,112.54762576741616,99.42390146166917,82.63519501294896
video_demo,74,79.67943307371328,100.31853277639354,147.54130925855566,70.9737766258751,118.72209417703537,145.53048396244094,65.66325755567964,125.15152838870931,157.88568072126054,65.00359611985765,119.67307582291825,152.51442316159145,112.6757604981288,99.8669910576053,82.71077004370757
video_demo,75,78.54919305292933,98.94944189643086,146.77713859372554,69.67758412713509,117.84123073141947,146.7612413345808,64.31271153078521,121.10979897081054,161.8902880419513,63.61556414432289,117.23929993230387,154.49370795829242,111.5839290634734,99.01118118752028,81.56206883458916
video_demo,76,78.51096429953043,98.88704941411501,146.6414275872995,69.60861701561018,117.8372856085389,146.61852965126926,64.18185822586375,121.07790618304658,161.86693377659034,63.5133117834665,117.26385276204634,154.3641949604392,111.5587480979532,99.01205859800459,81.51966245061405
video_demo,77,78.15005446186964,96.49143968652773,147.3522195479355,69.58684609611666,113.39298789920024,151.580417704294,65.74349150228704,123.00359269598728,155.56804751276474,64.33463429992409,114.9545726783366,154.2449623678187,111.72323806887577,101.55859725554792,84.17749138192038
video_demo,78,71.77247096491875,77.63349839403739,103.96276731064125,61.64201447061611,73.58819884214597,106.41713611586604,59.62385194318253,98.25681552569937,152.02278824185976,56.96991774194345,79.13020295190672,117.35280929192021,106.66376566347417,97.92501608954734,82.9337345088927
video_demo,79,73.4011526436069,79.38688059425473,107.24932752290658,63.546618935958115,77.14931127253772,109.00319383064453,61.34504820421986,101.35036017455829,153.23211726012877,58.89610421584917,81.01195056132686,113.99048822186163,108.371079839143,100.29042918136324,87.8074768735034
video_demo,80,74.4967677123598,73.28551830439297,94.29382764139112,64.30141985393038,77.33697129967771,106.58247511349953,59.800016978859425,96.19619505089939,141.33719228978356,58.571993037313604,79.5415235299208,109.11346336085111,109.98657078703224,100.92139003165576,86.47308960454939
video_demo,81,79.51456396530085,67.76873811124467,80.65680395432663,69.40881360606441,79.81367363920413,105.75690670537898,62.03528749163042,86.67927054046663,115.17745006707239,62.79986236736347,80.25055686761951,99.86253160488376,115.88914103451684,107.15035446137001,94.97050247495065
video_demo,82,80.51469776902746,67.62951228939245,77.6058750867127,70.8507579660684,78.37137587754255,102.23979967010371,64.89562094699824,88.00280449795632,112.23601937941048,65.11289391960189,81.60390010514048,100.22193789688333,116.51343477136409,106.24560223529454,96.21577798694638
video_demo,83,81.07571687900133,65.66605365144662,70.9402154327611,71.54074176220858,74.5972665586083,95.14096937403889,66.57651172879858,88.26722039660817,110.0234161630091,66.41391210726447,80.78325331661182,98.39376456085263,117.15286357117927,106.53578739139245,97.60741094171547
video_demo,84,79.17942620041612,65.15041839921783,70.37272007936147,70.06723531370835,70.28314061504125,88.48871616535192,67.5072452808341,89.26831584160347,110.24250660387365,66.11990776483438,78.60400164645253,96.61009964297244,114.71680145643805,103.12085068504123,94.92949346886984
video_demo,85,76.39886781364558,61.5096838384502,66.29734696487286,68.25961710579719,65.37788370097338,81.26521137272393,69.99967953330801,94.11297843387568,115.40867520130298,66.29005143092876,72.81323346498525,89.04883379331717,111.3175188965722,99.80496189078258,93.45674935331246
video_demo,86,76.30373822390375,61.45492072849704,66.21166021609797,68.11665825708204,65.31873034499206,81.23662998953074,69.72736477762912,93.72143033737937,115.1132684480177,66.07806173492791,72.74256209512961,89.07733486083372,111.25863958223657,99.73060803386049,93.23167982106165
video_demo,87,76.45491587925703,61.09038553874974,65.7476417701502,68.34844587568796,60.60787212247749,73.6724742897446,71.89524858119236,96.49349380605014,117.35804051988264,67.07975324929242,66.89353422444016,79.0152176148039,111.14015507519102,100.21047698593696,95.41796956132866
video_demo,88,76.29796381043973,59.399550805174435,62.53023551386876,69.10641536255858,59.18961350887498,70.42920674820938,73.90685239360157,91.71591164295116,109.20523181958525,69.0398583952063,70.25113307265792,81.10644349435948,110.45177708007498,100.96501978819914,99.55558905701255
video_demo,89,76.77579558746895,58.64058235142491,62.72537401244039,69.45179932148469,59.46590266859965,70.44514464314192,73.26096298258996,85.04015633205702,98.45460003181186,68.86339288606894,66.71324530582537,74.88576540992436,111.33423825933576,102.88700081562615,102.68995216902677
video_demo,90,77.41404969317128,60.73054517632805,66.20044455101508,70.91104551261938,61.60956018129227,73.00292560347887,76.56996394006057,90.33457738395494,106.15511195155207,71.22000518198095,66.94440326583731,75.60015144993426,110.94608808426966,102.58660552894672,104.21402706882826
video_demo,91,79.19012795217132,63.00341569258612,69.29955206636893,72.82094575803183,63.34463430167206,75.11697066353402,79.32777567580061,98.53805190097361,118.35431435411621,73.33686174063011,66.79410889563538,76.41752006038797,112.38137701611085,104.25380289886772,107.10233125303887
video_demo,92,81.39845784021017,65.29585244754709,71.75611242032325,74.77595352792848,64.47898988591244,75.885748187095,80.21574079492636,97.3203954858156,116.02889823675481,74.8160411526259,67.64052629612067,76.67749393852414,114.61655279703777,106.44523206131396,110.11313252067967
video_demo,93,83.0077963901519,68.43700886512035,75.51192038720833,77.11291510426513,66.68565326013662,77.85044252417272,83.60089513448771,98.2444228005104,115.24873362833418,77.7546029084269,67.33680077244206,75.85407362497754,114.85438962373665,106.55111891373515,112.16212400092392
video_demo,94,83.20366825012479,69.32862412918834,77.03262583406018,77.05584884358963,66.3581663834248,77.74946054961038,83.10651471271008,96.90051705197467,113.68080057669913,77.46406733955585,66.97174165293836,75.50885517486152,115.29596887312357,107.82945124656162,114.16172097738148
video_demo,95,83.86835501523927,70.6358408563118,78.54127539881394,77.53218111639427,66.3820866689841,77.63893844790039,83.12759777185694,96.18479988156422,113.01072595340909,77.72711292668195,67.26282481260186,75.52900226204245,115.95780147684033,108.33870185521685,114.80232801374623
video_demo,96,83.8303323245371,70.81182204168427,78.88264065463667,77.75695476595801,66.45873489090677,77.68771994507512,84.0484544927739,98.15920084378449,115.56266593326578,78.29878373390575,67.21596458443676,75.61297112244715,115.5118107289859,107.7401476027493,114.4205490461978
video_demo,97,83.75676173395874,70.75248028088124,78.84157417836288,77.72228720592533,66.45784458253398,77.7004318652199,84.10353444151939,98.26325575538068,115.61643056411573,78.3117973011057,67.20831720752913,75.62787271447343,115.39689098843878,107.63241485065055,114.30703052271055
video_demo,98,83.73884631142089,70.78649736131898,78.85729696955725,77.46034228632682,66.27537520608554,77.68739486418708,83.27001135007554,96.55119260698224,113.74990407769357,77.75177750655517,66.94099787202985,75.26616957765053,115.71854737679507,108.34766244895053,115.17554252321848
video_demo,99,83.59026290632856,70.70066708722524,78.69738467739765,77.46585681533665,66.19027496875921,77.48816999321157,83.73550948646738,97.96428149325531,115.43913537329637,77.97958365875182,66.96816439354065,75.42779682378482,115.33367019313071,107.68391993078583,114.38194581541369
video_demo,100,83.09258524138549,69.81530258472174,77.2991957285246,76.62067567168741,65.26014490617371,76.56121848725635,82.26038935108984,96.38140888829366,114.18164467653891,76.80021001606136,66.69792267567507,74.96449651829438,115.421731048999,108.04566936754199,114.23612741308021
video_demo,101,83.06860137125948,69.79541296966231,77.12815241148014,76.64874732705117,64.93131533882165,76.24366806147722,82.65613273999266,98.27571377876154,116.6392336969853,76.9945889602938,66.7749158483168,75.21677825435678,115.31542725043704,108.01757854714153,114.14772851911822
video_demo,102,82.85492913778988,69.6674723826453,76.7087566739736,76.14251697467938,63.84842143652898,75.02446303785693,81.86815254526468,99.05114140354918,118.20506964160349,76.34355769488918,67.45035524840381,75.98915712339965,115.40135388263863,107.77380517229471,113.17087321680188
video_demo,103,82.39024099832945,69.40497386682519,76.47311587740022,75.52658802357382,63.05454999165058,74.1152737830009,81.24632580913244,100.30784329175209,120.49963637169313,75.70716843080783,67.92775111533825,76.5606268431801,115.12997222722298,107.50510758051236,112.39639114117482
video_demo,104,81.80424713698888,68.50506059097245,74.89349285696026,74.51593300958687,62.0466971318896,73.48394389448264,80.00306891599955,103.79392922143154,127.08947305627802,74.45638647685762,68.39354868035261,77.6589530962745,115.08987530093678,107.07026192996797,110.46917671550317
video_demo,105,78.21149693958871,63.71462562465476,67.32714675739977,69.20730514627249,57.54946644168841,67.71243108367231,69.74325160445808,82.72342775737626,103.41192469018945,66.87132889645717,66.89353051148167,74.65234420230193,113.5375977726674,105.31603889878281,103.7940707610982
video_demo,106,77.41138767888327,61.29411627962777,62.86312281323253,67.56658555430998,54.52229221231969,62.87406308277562,64.67131916680773,64.25780258338943,72.28824448346565,63.91051632477561,66.47385617491982,71.5354401866297,113.33231690482089,103.84701350446174,99.54857279610393
video_demo,107,77.88846656254827,59.259141430485144,57.78493454015403,67.31204353169223,51.66274305853955,58.5442293961887,62.66157579184297,64.72434746221224,73.06215869503833,63.027015192233094,71.03599295565833,77.0350474079117,114.19438474717091,103.67157162806491,96.79215220491693
video_demo,108,77.97897261851845,59.32211126759881,57.85174237427614,67.36770496872553,51.709288884639015,58.566577851594204,62.61634192714757,64.65137749781077,72.87737604566861,63.025591621205095,70.9533614482845,76.89374264503624,114.3006677997839,103.78909934163649,96.89720519089312
video_demo,109,81.43221345301951,73.49532079526143,72.1678007920864,69.03895692084778,51.14799895732232,58.04018055050383,59.883320704118525,62.96395843848066,72.07225223225737,62.74733622526682,78.1499689701032,86.22753339496165,115.95399756340525,101.72159751345363,89.07283520761153
video_demo,110,84.36020819659981,83.91177958382376,87.77292927073906,71.71765235738033,54.01976218772901,62.38128387115618,63.43363951867156,73.29882164665432,86.28275385546608,65.73131335492562,83.3265310268341,95.34399534035515,119.15635680678248,111.08684024995378,101.6304023244373
video_demo,111,84.44197444356693,85.05520905974713,90.23179150607868,71.82833803619478,54.33419455323511,63.085496341802795,64.20290618259949,79.68844172391961,93.11799589866649,66.11002506794237,87.51036783832481,104.21111096681555,119.11468225510956,111.68318996848036,103.6637524786943
video_demo,112,88.50141946964817,67.53834227259328,67.09833565079363,76.78083758329859,60.524353740909135,68.98136648951517,68.86099280392399,87.14531801020297,101.60068866427426,71.10946797226642,91.90982885965296,111.57974968247676,127.22451995367847,129.79994802815222,126.29811021612295
video_demo,113,84.74920108690584,64.85993876816958,64.55205846091035,72.58122956654893,60.71912474262321,68.70003795936869,63.490236618218624,90.88625852236652,108.35817073588325,66.2708054507664,101.66274143388053,130.84542888168838,123.48591698476847,127.83714433416588,121.20850441857034
video_demo,114,84.42823093588284,60.879235149955605,61.48482436720917,75.41313674635508,108.22253494257077,140.10551888563347,65.20936971547343,99.04045413599704,132.7744174593999,67.92775111533825,117.76555108216364,155.73329453051812,123.36840819065254,126.92859323722715,116.32955889189786
video_demo,115,146.17396763446786,147.33792822862662,130.39150886225408,131.50875690684643,91.69410941782505,62.224170666168064,101.61735198068504,94.5298258313905,89.49530257793525,115.51705743299173,110.63809621338844,95.76672401183151,139.34041274543736,132.25724308310964,100.41743515483658
video_demo,116,131.9725309635254,122.53559749627449,86.56850520769108,117.86218110102746,92.6416675251199,77.27954436737797,88.22205132825326,88.36074099834926,87.82579465200833,102.05235814838795,109.31132303046985,100.8431206999249,135.38184279980035,120.52491500507881,82.42729423061824
video_demo,117,131.95272236112376,116.59802375691639,61.01822035122862,118.51842291361406,88.08339992887404,66.51811492127844,89.21745082234482,86.80752815178774,83.72211043774655,102.9482002215679,101.41672845598232,87.74960109660184,131.67320513870908,125.80865642734362,95.79832631624343
video_demo,118,131.99564955448034,117.11050109992894,61.01537431479784,118.54269032242286,88.37739110019432,66.82161350565337,89.21052291788152,86.81913500922371,83.95521995961779,102.96093216568214,101.73476176487794,88.0570827984463,131.62746880482456,124.70062088827893,93.48399627758927
video_demo,119,124.4746068268022,98.97244844434327,58.11467370511731,111.30193957932134,85.99555141496883,69.88579459351469,82.21886053228921,79.97455759740147,75.97519009569919,96.01604737173294,96.56384377644338,84.84818067412427,129.00965018471288,129.5305198634195,110.58368778050861
video_demo,120,124.31870744547206,102.50196710023152,60.74175686700363,110.88451388350431,87.61929269193321,72.14379020013213,81.56789827966803,79.47831318922701,75.35602917224922,95.45154273351652,97.80269305905061,86.52859531190968,129.5038121134232,126.5544606393871,104.91256729500986
video_demo,121,125.68992063506782,93.89518306013423,51.03370204912374,112.96939933324133,80.19033423037259,62.50570657847067,84.68932452108301,83.64522756869776,79.34424249521511,98.25671545062181,97.3127732571047,83.6025197397281,127.81837523099793,129.00334363350734,108.53826420124237
video_demo,122,109.33717162802223,84.92711700612135,75.90281577775592,94.85250369279727,86.86038762721451,87.84498410108408,65.36689120614608,64.09249786574848,62.312415095835085,79.14878258553695,86.74384703050912,77.60446945576429,128.06610945492608,125.9906413692942,102.53495395734116
video_demo,123,96.09660787638393,100.31920793219537,106.76650771095527,80.4768616704101,80.6518200646567,94.75713370914393,53.066818332497505,42.685277747081315,44.275509486044484,65.12323320322945,70.71077305899504,64.40287962226175,126.8770500425176,126.7173455345337,101.94478549046649
video_demo,124,94.95744369257369,103.94159753577448,112.18721434034063,78.64798442071515,67.8651020765543,74.73774329778398,52.51729395482354,39.955164873170055,42.94706984862545,64.00031695743652,67.14256057575983,60.59897026762815,126.45490216789646,125.4334178523065,99.2345657718527
video_demo,125,96.62692095130136,101.48670952427038,108.45217112409055,80.50786112632774,72.0978695451401,80.53011477250246,53.47076717518521,40.51488512489509,42.77487961653009,65.52133445442392,69.62118627158027,62.7588659474969,127.3756436718079,126.62563600403367,99.51451689196284
video_demo,126,99.24035169840562,97.90122195308425,102.0454168768303,83.27257754014197,74.70310030834345,81.77166602668584,55.345026409178054,43.475657187123915,44.534942853291724,68.0133024648488,72.54979048348238,65.02972462896369,128.0180024839884,126.49383424339946,99.07225837942877
video_demo,127,103.83004572161542,90.81182006542033,91.04504102689249,88.91928569347795,90.98622406863446,98.5930628238404,59.65116574170752,52.54878132952958,51.731154328522955,72.88706171822011,78.34028708495507,70.77921167992386,129.24339425571821,127.02737820006814,98.73542265116127
video_demo,128,105.13083478457015,89.84505754345845,88.38646264730899,90.38555428181542,92.7216986973393,98.3637378686078,61.002907830415005,54.99764346776474,53.338321676572846,74.28778625366454,79.58712832247497,71.71696000175145,129.4750528866487,126.36497059760052,97.20303612750415
video_demo,129,105.45484403881368,89.36901362299976,87.56023913818915,90.77774817683867,93.54423655756109,98.5486616540108,61.35806332638151,55.92374597196971,54.25246516320061,74.65517552359724,80.04722852242396,72.15377691898345,129.53129030398537,126.29389415243608,96.62295773721998
video_demo,130,108.1367588422997,88.01351045800087,81.9221845653745,93.66328162435921,93.38304478948578,94.53125010729325,64.11989515398332,60.5089083082254,58.26275688413434,77.54719402864092,82.74382085044537,74.58576785298136,130.0653085083822,127.00513312612725,98.77633502268708
video_demo,131,109.4842510127222,90.61205085790355,80.54891702320324,94.89582844498216,90.7716238722056,91.25629646189144,65.33251933077976,61.28522868123537,58.515560485116126,78.86595336601874,83.65988837101709,75.16464834139016,130.10147661709075,126.10764827762014,97.43119296648985
video_demo,132,121.27204116325282,100.08043994323737,67.02975682497356,107.45036881976189,83.70378109723453,70.29647943139943,78.33485333720485,77.20838744570248,73.31425250536633,92.1108577991433,93.76055378326717,82.1989322024651,129.35350503818898,127.35996378597987,101.3451850285364
video_demo,133,127.88722729900788,114.79956289374854,75.98683139771431,114.35301612218183,81.3020882886302,59.7669619319934,85.66693190959846,83.3539987049992,78.73101715223363,99.40367120458151,97.90470685834453,84.73108156321621,128.43686903836692,128.45907314776596,104.68672035865895
video_demo,134,133.61922472225618,128.84096861543503,91.29810109651156,120.31992975245949,81.52460948413673,55.07076742620437,91.94314571739311,88.97879284415706,84.37603286489676,105.50474382762472,100.83870211081626,86.20459628202522,128.2554146956326,128.28617303739415,103.5054937675025
video_demo,135,134.07970528811373,129.98180196352175,95.19636033636831,121.01660333111825,80.03620326805488,51.27571436933582,92.96189889459816,89.52045925286411,84.41776707414131,106.45516150183897,100.54911477510136,85.12097344012963,127.18134349756451,128.7175009849029,105.72733796627715
video_demo,136,127.39492467027986,111.03755473911538,72.42597871908696,114.17103204205002,79.74064187698332,58.23085594761505,85.83504144538695,84.19556824075497,79.52575493071907,99.43736732105933,97.25103841828664,83.69612131223978,127.56940578742312,129.41278270563296,107.31117999226221
video_demo,137,124.07241555241013,100.95356584418852,62.612184259781074,111.01558416658756,80.02973911789377,60.23649314309194,82.71063318764878,81.38368589995184,76.8533083950579,96.35100077729426,95.05551475315097,81.84747143386254,126.70810959499975,129.21846231652958,107.9097605275625
video_demo,138,126.03343488955151,105.02210364733762,66.76686621016245,113.03185416095687,80.28474044779828,58.89417774324557,84.80866040354198,83.52067906151655,78.85781733520423,98.36794995759334,95.9702237609403,82.33844344659327,127.14492639252484,130.1182705452961,109.38131641920411
video_demo,139,125.95352826428838,109.14284880160213,72.83751671919407,112.41662491638473,82.40389936079369,62.65718337781204,83.67142884763413,82.00392860866893,77.55927804870608,97.40992492746382,96.97559830408342,84.56910833578085,128.84915068889936,129.76189077628308,107.24396370951554
video_demo,140,127.47212415364172,110.96745412656092,73.24825794525796,114.20052873887585,80.27819887055574,58.22404700931657,85.86282654723401,84.5125115264283,79.89733051006012,99.46036928883294,97.49304678931937,84.09172004080078,127.92931241743794,130.14212675051974,108.87140995287116
video_demo,141,127.87446757590358,112.78475772151593,75.58612335990021,114.5333889471098,80.36239287655944,58.03434376285177,86.12958541671854,84.46184219446292,79.71700979052746,99.77931570379268,98.16262500056295,84.81168191553142,128.04777182840587,129.9167576865763,108.58580276796326
video_demo,142,128.86860552810435,113.65994168580826,75.95438493348398,115.49391727590277,80.16652788764486,58.32765341696781,87.16374360550577,86.47947766313067,82.24822133902882,100.6797074043022,98.29548091534681,84.63895516257877,128.9209837565594,131.03303640992058,109.13980139378711
video_demo,143,133.4065733048234,127.37496037472688,91.92860127962192,119.94609439459238,80.7052979823177,53.94929926571594,91.58044792117076,88.92263211910577,84.05633841543948,105.15674146961966,101.19741624021077,86.96175362274009,128.9566399102364,130.1468355551919,107.08092072356247
video_demo,144,132.18219222487465,124.13676909446032,88.6425909583587,118.82539709297812,80.17609048827848,54.2692275083347,90.5723479416936,88.48625142257157,83.81657544010127,104.09289727797403,100.00195675255767,85.55523726770545,128.38389804028682,129.9790877642487,107.63534792579155
video_demo,145,128.2008290541833,110.104566064149,71.01322345097567,115.12864066913151,78.0588535152738,56.19401484314455,87.10376054711288,86.24985429436472,81.82303548487913,100.56173450905625,97.49084317071113,83.32702314632319,127.55196645165177,130.7712749666458,110.7102962450044
video_demo,146,127.44917103041466,106.87682460459605,66.2386074479806,114.53832556538835,77.12602162638524,56.27397014560488,86.65397824680451,86.32635794813615,82.42782564338617,100.09615413294658,97.87774292217954,83.94503277117309,127.0088836656758,130.5814641513211,110.81097745916021
video_demo,147,121.42817105462804,101.79395068257334,68.65417566824433,107.74473363888342,87.23510506656477,73.28636160193972,78.39995630233484,76.43167493745382,73.76247405320605,92.42480442737487,96.5453922205444,85.82918101230568,129.0370363695393,127.8190280268385,101.48086628915105
video_demo,148,117.44002104486802,87.38667340453969,51.75082586185082,104.2471584261482,77.61818015310008,64.1394114176921,75.92864361864794,73.40607568788003,71.19661671726635,90.00091823439034,92.76834542600284,80.8991882820516,123.51306112479303,128.75789882776377,114.18448796431925
video_demo,149,99.52968051759774,95.69589090887993,108.70422778924183,84.68104617297786,87.09623813237651,103.9758181647738,58.233816373916035,60.61223065058702,66.43305508226656,69.97005740243641,86.14136268259709,87.71819138650734,127.8141386830651,118.65467742835486,84.42594310797067
